Group Name,Module,Lesson,YouTube Link,Duration
Quantitative Methods,Prerequisites,Formatting the Texas Instruments BA II Plus calculator for the CFA exam,https://youtu.be/2BHL9PfyUSU,641
Quantitative Methods,Prerequisites,Time Value of Money (TVM) - computing future value,https://youtu.be/QPwxWo5GjhA,804
Quantitative Methods,Prerequisites,Time Value of Money (TVM) - computing present value,https://youtu.be/IXO4L3lVA-4,489
Quantitative Methods,Prerequisites,Time Value of Money (TVM) - computing the number of periods,https://youtu.be/u02cjdJ10tI,215
Quantitative Methods,Prerequisites,Time Value of Money (TVM) - computing the rate of interest,https://youtu.be/uCwijJwx2R8,378
Quantitative Methods,Prerequisites,Time Value of Money (TVM) - annuities,https://youtu.be/E39PqJOZEpQ,812
Quantitative Methods,Prerequisites,Time Value of Money (TVM) - perpetuities,https://youtu.be/Oz3O6D9BenE,247
Quantitative Methods,Prerequisites,Time Value of Money (TVM) - unequal cash flows using the CF worksheet,https://youtu.be/B9AxD39BbkA,697
Quantitative Methods,Prerequisites,Time Value of Money (TVM) - computing PMT,https://youtu.be/Yhz4H5Qfx6o,263
Quantitative Methods,Prerequisites,Time Value of Money (TVM) - solving more complex TVM problems,https://youtu.be/FPfHQDpoEO0,416
Quantitative Methods,Module 1,Determinants of interest rates,https://youtu.be/b_VfeLX9yVA,1764
Quantitative Methods,Module 1,"Rates of return - holding period return, arithmetic and geometric mean",https://youtu.be/DcCa74GHM50,1704
Quantitative Methods,Module 1,"Dealing with extreme values - harmonic, trimmed and windsorized means",https://youtu.be/4Tr0PP9m3N4,1129
Quantitative Methods,Module 1,Special return measures,https://youtu.be/Misj1xqAsNU,1028
Quantitative Methods,Module 1,MWR and TWR - money-weighted and time-weighted rates of return,https://youtu.be/JQNIpJGbhB0,2804
Quantitative Methods,Module 1,Annualized returns,https://youtu.be/Ro6p2Wb9_5M,1268
Quantitative Methods,Module 3,Properties of the arithmetic mean,https://youtu.be/lxySuPkjq7M,710
Quantitative Methods,Module 3,Mode and median,https://youtu.be/Sm4LGWYhxl8,358
Quantitative Methods,Module 3,Dealing with outliers,https://youtu.be/kzGibUtrUUE,647
Quantitative Methods,Module 3,Quartiles and quintiles,https://youtu.be/XXLl9yG-s0A,441
Quantitative Methods,Module 3,Deciles and percentiles,https://youtu.be/6vp_EQmSuhU,238
Quantitative Methods,Module 3,Measures of location continued,https://youtu.be/zwJ9UInXkC8,788
Quantitative Methods,Module 3,Range and Mean Absolute Deviation - MAD,https://youtu.be/kZblOZOSqQc,693
Quantitative Methods,Module 3,Sample variance and sample standard deviation,https://youtu.be/D2o_FS9Ma5E,1089
Quantitative Methods,Module 3,Downside deviation and coefficient of variation - CV,https://youtu.be/7H5d_4XDopo,844
Quantitative Methods,Module 3,Skewness,https://youtu.be/6Yy8jBm8TYk,480
Quantitative Methods,Module 3,Kurtosis,https://youtu.be/kWUdGPTj6tY,458
Quantitative Methods,Module 3,Correlation,https://youtu.be/bPAM3Nb6ix8,2257
Quantitative Methods,Module 4,Expected value and variance,https://youtu.be/GP690YGdo8g,732
Quantitative Methods,Module 4,Probability trees and conditional expectations,https://youtu.be/G5QFIuQLqVE,1218
Quantitative Methods,Module 4,Bayes- formula,https://youtu.be/F3L1n1f0k30,1280
Quantitative Methods,Module 5,Expected portfolio return,https://youtu.be/8-eBkSNFDag,435
Quantitative Methods,Module 5,Standard deviation and variance of expected returns,https://youtu.be/fLHwDy_pUM8,619
Quantitative Methods,Module 5,Covariance and correlation from a joint probability function,https://youtu.be/lKVU3IF3dmY,787
Quantitative Methods,Module 5,Portfolio variance for a two-asset portfolio,https://youtu.be/xoYWMKIMOTU,247
Quantitative Methods,Module 5,Portfolio risk measures,https://youtu.be/qB1F2PaiU10,733
Quantitative Methods,Module 6,Lognormal distribution and continuous compounding,https://youtu.be/wVb6qoGh-bY,1542
Quantitative Methods,Module 6,Monte Carlo simulation and bootstrapping,https://youtu.be/h_9AxbCgFKk,725
Quantitative Methods,Module 7,Sampling methods,https://youtu.be/pk601B4T7Fs,3451
Quantitative Methods,Module 7,Central limit theorem and bootstrapping,https://youtu.be/t1hxZUPz61I,2278
Quantitative Methods,Module 8,Hypothesis testing overview,https://youtu.be/BnFm5vwFLyM,3040
Quantitative Methods,Module 8,Tests of a single mean,https://youtu.be/YzmsHThcYlg,874
Quantitative Methods,Module 8,Tests of the difference in means,https://youtu.be/JjMPUp-rIOk,1252
Quantitative Methods,Module 8,Tests of the mean of differences,https://youtu.be/LKa3ke606ko,872
Quantitative Methods,Module 8,Tests of a single variance,https://youtu.be/U5z4mR2Vyx0,1148
Quantitative Methods,Module 8,Tests of the equality of two variances,https://youtu.be/SAvG1MdXft4,1070
Quantitative Methods,Module 8,Parametric versus nonparametric tests,https://youtu.be/hOS3p4yyi_A,519
Quantitative Methods,Module 9,Parametric tests of a correlation,https://youtu.be/XbXFZ3vaoUs,665
Quantitative Methods,Module 9,Non-parametric tests of a correlation,https://youtu.be/aw3iW7HxF48,519
Quantitative Methods,Module 9,Tests of independence using contingency table data,https://youtu.be/ozIpx8TBKPw,2142
Quantitative Methods,Module 10,Linear regression basics,https://youtu.be/Gc8H9GwXGJw,1081
Quantitative Methods,Module 10,Estimating the parameters of a simple linear regresion,https://youtu.be/NB-UswOIp7E,2519
Quantitative Methods,Module 10,Assumptions of the simple linear regression model,https://youtu.be/6LK4z7j61_o,769
Quantitative Methods,Module 10,Analysis of variance and measures of goodness of fit,https://youtu.be/xYqzvkyfjII,2086
Quantitative Methods,Module 10,Hypothesis tests of the slope coefficient,https://youtu.be/84l3v6VDePE,1775
Quantitative Methods,Module 10,Hypothesis tests of the intercept,https://youtu.be/cygNFuHYZGw,784
Quantitative Methods,Module 10,ANOVA and standard error of estimate,https://youtu.be/-8jjzTHwJyA,1305
Quantitative Methods,Module 10,Prediction using simple linear regression,https://youtu.be/TBK4TCVRH14,1074
Quantitative Methods,Module 10,Functional forms for simple linear regression,https://youtu.be/YxezTQPYnN8,535
Quantitative Methods,Module 11,How is fintech used in quantitative investment analysis,https://youtu.be/wmml0661-Pw,1216
Quantitative Methods,Module 11,Advanced analytical tools: AI and machine learning,https://youtu.be/PexlKC-SSBY,1060
Quantitative Methods,Module 11,Tackling big data with data science,https://youtu.be/UB0-Li-oifI,901
Economics,Module 1,Profit maximization,https://youtu.be/kTVAI4tEKNo,3427
Economics,Module 1,Production breakeven and the shutdown decision,https://youtu.be/9mJzzZz9PHM,1743
Economics,Module 1,Economies and diseconomies of scale,https://youtu.be/AxQ87sj2JGE,2496
Economics,Module 1,Market structures,https://youtu.be/iQEh6eyWKrc,2342
Economics,Module 1,Monopolistic competition,https://youtu.be/9TFI0kfR_LQ,1869
Economics,Module 1,Pricing interdependence and the Cournot assumption,https://youtu.be/GJ8d05hm2KA,2085
Economics,Module 1,Nash equilibrium and collusion,https://youtu.be/mr0pdOY6hEw,2553
Economics,Module 1,Determining market structure,https://youtu.be/u40l1EMjMpU,1308
Economics,Module 2,Overview of the business cycle,https://youtu.be/pBYf3fJfQ94,2328
Economics,Module 2,Credit cycles,https://youtu.be/yXIzGl4lMiI,648
Economics,Module 2,Economic indicators,https://youtu.be/jms4GnSpSxU,2139
Economics,Module 3,Fiscal policy roles and objectives,https://youtu.be/mtLUpe1wByA,1417
Economics,Module 3,Deficits and national debt,https://youtu.be/ArlkQHbTvLA,926
Economics,Module 3,Fiscal policy tools,https://youtu.be/KQSLzkWPb8E,2084
Economics,Module 3,Fiscal policy implementation,https://youtu.be/U9VJSMrvKis,939
Economics,Module 4,Role of central banks,https://youtu.be/FpmFqhoy2nk,724
Economics,Module 4,Monetary policy tools and transmission,https://youtu.be/SRqcQMeSkGc,1675
Economics,Module 4,Monetary policy objectives,https://youtu.be/UpFY0UYbT9A,2519
Economics,Module 4,Contractionary and expansionary monetary policy,https://youtu.be/VKfINS8zxSk,2266
Economics,Module 4,Interaction between monetary and fiscal policy,https://youtu.be/hf2LH-UR27w,1345
Economics,Module 5,National governments and political cooperation,https://youtu.be/nMyB7q5dkYA,1344
Economics,Module 5,Forces of globalization,https://youtu.be/0pSYHK55Igw,1428
Economics,Module 5,International trade organizations,https://youtu.be/g8SjHq_aTQ0,1003
Economics,Module 5,Assessing geopolitical actors and risk,https://youtu.be/Wq-kjRfxhB8,1159
Economics,Module 5,The tools of geopolitics,https://youtu.be/k2v_ZVKr134,639
Economics,Module 5,Geopolitical risk and the investment process,https://youtu.be/0_AQgxChnhc,1200
Economics,Module 6,Benefits and costs of trade,https://youtu.be/560IywhNJoc,520
Economics,Module 6,"Tariffs, quotas and subsidies",https://youtu.be/uI28pVIQklw,1805
Economics,Module 6,Regional trade agreements,https://youtu.be/ZcNNQkwWGMg,344
Economics,Module 6,Regional integration,https://youtu.be/HOaD43V8uK0,940
Economics,Module 7,The foreign exchange market and exchange rates,https://youtu.be/VzPwvxeHpWA,4426
Economics,Module 7,Exchange rate regimes,https://youtu.be/Aha6Iio4n1Y,2061
Economics,Module 7,Capital restrictions,https://youtu.be/vrTfz-tHfYI,868
Economics,Module 8,Computing cross-rates,https://youtu.be/HXDqMomIMAE,847
Economics,Module 8,Computing forward rates,https://youtu.be/M_QMa_s4FS0,1982
Portfolio Management,Module 1,"Risk, return and other investment characteristics",https://youtu.be/1rmZLKHNk94,1118
Portfolio Management,Module 1,Risk aversion and portfolio selection,https://youtu.be/sSWKH8VzrKg,669
Portfolio Management,Module 1,Utility theory and indifference curves,https://youtu.be/n1-GZ3mWRUw,1608
Portfolio Management,Module 1,Portfolio risk and return,https://youtu.be/PBrHLdkupv8,1665
Portfolio Management,Module 1,The power of diversification,https://youtu.be/MMzlfb6gFFE,1002
Portfolio Management,Module 1,Efficient frontier,https://youtu.be/qWkgm43EyWg,2304
Portfolio Management,Module 2,Capital market theory,https://youtu.be/i9_kVsrQ5As,755
Portfolio Management,Module 2,Systematic risk versus unsystematic risk,https://youtu.be/gEvB7vcpvso,725
Portfolio Management,Module 2,Return generating models,https://youtu.be/54-oPF9PM7Y,471
Portfolio Management,Module 2,CAPM beta explained,https://youtu.be/QwVb_4hEYjc,1209
Portfolio Management,Module 2,Capital asset pricing model,https://youtu.be/byKfpFe-XfE,789
Portfolio Management,Module 2,CAPM - undervalued and overvalued stocks,https://youtu.be/mT3aroCeitc,353
Portfolio Management,Module 2,CAPM limitations and extensions,https://youtu.be/SToWqnKGGNY,1235
Portfolio Management,Module 2,Sharpe ratio,https://youtu.be/C-vje5xTwGY,583
Portfolio Management,Module 2,Treynor ratio,https://youtu.be/EL35RgePzHk,298
Portfolio Management,Module 2,M-squared (M2) ratio,https://youtu.be/8mP5GzGPGvM,956
Portfolio Management,Module 2,Jensen-s alpha,https://youtu.be/v6FrqLGfQns,382
Portfolio Management,Module 3,Portfolio perspective,https://youtu.be/mEue9ilpO0w,625
Portfolio Management,Module 3,The portfolio management process,https://youtu.be/GCdnFGjFw9s,1235
Portfolio Management,Module 3,Types of investors,https://youtu.be/KliJ4ZkQpBM,1697
Portfolio Management,Module 3,The asset management industry,https://youtu.be/XVVLsgs2rI0,1756
Portfolio Management,Module 3,Pooled investments,https://youtu.be/eISjlyP1FA8,2277
Portfolio Management,Module 4,The IPS,https://youtu.be/1rp2Wi9SdEE,819
Portfolio Management,Module 4,IPS risk and return objectives,https://youtu.be/Wm0xWzOxXZA,1427
Portfolio Management,Module 4,IPS constraints and client information,https://youtu.be/e_FscldHgKE,1131
Portfolio Management,Module 4,Portfolio construction,https://youtu.be/fuQAqHjWOlU,2040
Portfolio Management,Module 4,ESG considerations in portfolio construction,https://youtu.be/U_Vyt0r6lyc,518
Portfolio Management,Module 5,Cognitive errors - belief perseverence biases,https://youtu.be/lye0y1Ld8fI,2669
Portfolio Management,Module 5,Cognitive errors - processing errors,https://youtu.be/1OEWwUWb558,1625
Portfolio Management,Module 5,Emotional biases,https://youtu.be/qUju1VaXtR8,1845
Portfolio Management,Module 5,Behavioral finance and market behavior - market anomalies,https://youtu.be/S5gr7SjiYT8,1561
Portfolio Management,Module 6,Risk management process,https://youtu.be/DZ3hc0P_ylY,459
Portfolio Management,Module 6,Risk management framework,https://youtu.be/mNm4ZTRWWH0,685
Portfolio Management,Module 6,Risk Governance - An Enterprise View,https://youtu.be/ZK8vL3EatcY,508
Portfolio Management,Module 6,Risk Tolerance,https://youtu.be/GrvbF0fXVC8,647
Portfolio Management,Module 6,Risk Budgeting,https://youtu.be/yiX6x_ysB28,602
Portfolio Management,Module 6,Identification of Risk,https://youtu.be/6nExDDuGzRE,1774
Portfolio Management,Module 6,Risk drivers and metrics,https://youtu.be/MUv1wmVYP8k,1731
Portfolio Management,Module 6,"Risk prevention, avoidance and acceptance",https://youtu.be/lf-qUdmt9TE,615
Portfolio Management,Module 6,"Risk transferring, shifting and how to choose",https://youtu.be/LOYvSUhz7xI,1360
Corporate Issuers,Module 1,Organizational forms and corporate issuer features,https://youtu.be/BXH9_cGRMbE,2543
Corporate Issuers,Module 1,Publicly versus privately owned corporate issuers,https://youtu.be/hFbZUOERU6I,3088
Corporate Issuers,Module 2,Financial claims of lenders and shareholders,https://youtu.be/CkHzTiiqSDs,2073
Corporate Issuers,Module 2,Corporate stakeholders and governance,https://youtu.be/tjIM5mROgl4,2187
Corporate Issuers,Module 2,Corporate ESG considerations,https://youtu.be/YODoaEHaz6g,1409
Corporate Issuers,Module 3,Stakeholder conflicts and management,https://youtu.be/ENfu4yGklLI,1389
Corporate Issuers,Module 3,Corporate governance mechanisms,https://youtu.be/2H-U8Cgt5gU,3272
Corporate Issuers,Module 3,Corporate governance risks and benefits,https://youtu.be/7tJYCF8lI3g,491
Corporate Issuers,Module 4,Cash conversion cycle,https://youtu.be/r2DOfwRmXCk,1516
Corporate Issuers,Module 4,Liquidity,https://youtu.be/OLbTuHj4yt0,1238
Corporate Issuers,Module 4,Managing working capital and liquidity,https://youtu.be/qiTp3q9meCU,2345
Corporate Issuers,Module 5,Capital investments,https://youtu.be/for1fEARSTk,1365
Corporate Issuers,Module 5,NPV and IRR computation,https://youtu.be/9NOyRybYO88,672
Corporate Issuers,Module 5,Capital allocation,https://youtu.be/utmvkRYF-_Y,1517
Corporate Issuers,Module 5,Return on invested capital,https://youtu.be/C9JseHKu4x4,797
Corporate Issuers,Module 5,Capital allocation principles and pitfalls,https://youtu.be/6pkLTANvxus,1089
Corporate Issuers,Module 5,Real options,https://youtu.be/1fBkV8pXwx8,1020
Corporate Issuers,Module 6,Computing WACC from multiple capital sources,https://youtu.be/Pt43KhjkTfo,752
Corporate Issuers,Module 6,Factors affecting capital structure,https://youtu.be/SOXK-wnFJN4,2045
Corporate Issuers,Module 6,Modigliani-Miller capital structure propositions,https://youtu.be/85z8J9hs7r8,2270
Corporate Issuers,Module 6,Optimal capital structure,https://youtu.be/JWyOOEAFiD8,1611
Corporate Issuers,Module 7,Business model features and the value proposition,https://youtu.be/qH-IUluSp60,954
Corporate Issuers,Module 7,Pricing and revenue models,https://youtu.be/GF4W-jnhP5Q,1393
Corporate Issuers,Module 7,Business organization and capabilities,https://youtu.be/MaOzrkvTXKg,520
Corporate Issuers,Module 7,Business model types,https://youtu.be/cNblM4dLSrc,935
Financial Statement Analysis,Module 1,Financial statement analysis,https://youtu.be/WHQIidz3QkQ,425
Financial Statement Analysis,Module 1,Sources of information,https://youtu.be/hePbHp8GpyU,3771
Financial Statement Analysis,Module 1,Segment reporting,https://youtu.be/DySmtPJm5dU,544
Financial Statement Analysis,Module 1,IFRS versus alternative reporting systems,https://youtu.be/y7V9OzGFm6Y,658
Financial Statement Analysis,Module 2,Revenue recognition,https://youtu.be/q2Tzos6ZStM,2402
Financial Statement Analysis,Module 2,Expense recognition,https://youtu.be/sSIbJQm0x0g,2588
Financial Statement Analysis,Module 2,Capitalisation of interest,https://youtu.be/9ILsvAlT4xw,613
Financial Statement Analysis,Module 2,Non-recurring items,https://youtu.be/NNkXU3bqYjA,1412
Financial Statement Analysis,Module 2,Changes in accounting estimates versus changes in accounting policies,https://youtu.be/GgKcukfpfuU,481
Financial Statement Analysis,Module 2,Basic EPS,https://youtu.be/mpqNbU8gB3M,1854
Financial Statement Analysis,Module 2,Diluted EPS,https://youtu.be/bKopwh2GnMU,1788
Financial Statement Analysis,Module 2,Income statement ratios and common-size analysis,https://youtu.be/WxUTIIxsDbE,318
Financial Statement Analysis,Module 3,Intangible assets,https://youtu.be/mtaK2qzRNyE,2011
Financial Statement Analysis,Module 3,Goodwill,https://youtu.be/rpkLSH01oGg,993
Financial Statement Analysis,Module 3,Gain on a bargain purchase,https://youtu.be/p6kfA7itafA,717
Financial Statement Analysis,Module 3,Accounting for financial instruments,https://youtu.be/eKAR2ZcYb-8,3072
Financial Statement Analysis,Module 3,Non-current liabilities,https://youtu.be/TBa01gBryeA,1247
Financial Statement Analysis,Module 3,Balance sheet ratios and common-size analysis,https://youtu.be/0Nt2-v6UU7o,536
Financial Statement Analysis,Module 4,Cash flows from operating activities - direct method,https://youtu.be/owW695A5nko,1275
Financial Statement Analysis,Module 4,Cash flows from operating activities - indirect method,https://youtu.be/NsZoZYYz1cU,1063
Financial Statement Analysis,Module 4,Cash flows from investing activities - purchases of PPE,https://youtu.be/mfpV6gzNr0g,371
Financial Statement Analysis,Module 4,Cash flow problems - part 1,https://youtu.be/xRUqTuGsPGU,971
Financial Statement Analysis,Module 4,Cash flow problems - part 2,https://youtu.be/2zfNePGNn9o,592
Financial Statement Analysis,Module 5,Evaluating the sources and uses of cash,https://youtu.be/utMGN3PvwLE,655
Financial Statement Analysis,Module 5,Cash flow ratios and common-size analysis,https://youtu.be/cSBVdaPhM1U,1754
Financial Statement Analysis,Module 6,Inventory - initial measurement,https://youtu.be/Ca0aM513tY8,482
Financial Statement Analysis,Module 6,Inventory - cost versus NRV: write-downs,https://youtu.be/M8b7TurBmxs,676
Financial Statement Analysis,Module 6,Inventory: write-down reversals,https://youtu.be/OGSVHPwmlMc,351
Financial Statement Analysis,Module 6,FIFO - First in First Out - inventory valuation,https://youtu.be/CvrlMp5DmT8,726
Financial Statement Analysis,Module 6,LIFO - Last In First Out - inventory valation,https://youtu.be/PB-p7ouadiE,658
Financial Statement Analysis,Module 6,Weighted average cost (AVCO) - inventory valuation,https://youtu.be/xmW1fjj6HcI,582
Financial Statement Analysis,Module 6,Accounting for inventories - overview,https://youtu.be/GqAJNwudknA,2118
Financial Statement Analysis,Module 7,Acquisition of intangible assets,https://youtu.be/G72KPutr834,1465
Financial Statement Analysis,Module 7,Intangible assets,https://youtu.be/qCmSVH3CZas,1003
Financial Statement Analysis,Module 7,Asset impairment,https://youtu.be/oeddB1LXE-M,1643
Financial Statement Analysis,Module 7,Impairment of long-lived assets under IFRS,https://youtu.be/OfCEDHeAwj8,421
Financial Statement Analysis,Module 7,Impairment of long-lived assets under US GAAP,https://youtu.be/HRZ2paRSe5w,287
Financial Statement Analysis,Module 7,Asset derecognition,https://youtu.be/xw4ONZ6ep1E,834
Financial Statement Analysis,Module 7,Analysis of long-lived assets,https://youtu.be/dShN5AiF6XU,886
Financial Statement Analysis,Module 8,Accounting for leases,https://youtu.be/XZhLatcEH0M,4669
Financial Statement Analysis,Module 8,Accounting for pension plans,https://youtu.be/n9FffHBAHWE,3684
Financial Statement Analysis,Module 8,Accounting for share-based compensation,https://youtu.be/Dd-8juITzEg,1677
Financial Statement Analysis,Module 9,Deferred tax playlist (9 videos),https://www.youtube.com/playlist?list=PLzsMtRJ44d8xpqKLcXDYPtXEJwDs2SqYD,0
Financial Statement Analysis,Module 10,Financial reporting quality spectrum,https://youtu.be/2EKb4t1lrwk,671
Financial Statement Analysis,Module 10,"GAAP, decision useful financial reporting",https://youtu.be/02s6RX2ThYU,631
Financial Statement Analysis,Module 10,Biased accounting choices,https://youtu.be/U2RAWaxU8ik,1235
Financial Statement Analysis,Module 10,Conservative versus aggressive accounting,https://youtu.be/6bt8Xsy9RPE,1162
Financial Statement Analysis,Module 10,Context for assessing financial reporting quality,https://youtu.be/HMlfF96E38A,805
Financial Statement Analysis,Module 10,Mechanisms which discipline financial reporting quality,https://youtu.be/wrau5zHXHiU,921
Financial Statement Analysis,Module 10,Detection of financial reporting quality issues,https://youtu.be/wo7e4yhRHmU,591
Financial Statement Analysis,Module 10,Accounting choices and estimates,https://youtu.be/i5AqO6K_TsA,608
Financial Statement Analysis,Module 10,Accounting warning signs,https://youtu.be/0SF2C1Pj2o0,1036
Financial Statement Analysis,Module 11,"Financial analysis process, tools and techniques",https://youtu.be/F8M-P127a88,231
Financial Statement Analysis,Module 11,Financial ratio analysis,https://youtu.be/VOrrUfHi1qQ,1245
Financial Statement Analysis,Module 11,Activity ratios,https://youtu.be/w6_eiS2j5FQ,1529
Financial Statement Analysis,Module 11,Liquidity ratios,https://youtu.be/y8vueSgPiTU,948
Financial Statement Analysis,Module 11,Solvency ratios,https://youtu.be/RO_aJnug54M,901
Financial Statement Analysis,Module 11,Profitability ratios,https://youtu.be/DqkjDuiAIJY,633
Financial Statement Analysis,Module 11,DuPont analysis,https://youtu.be/-8ZCKJTNelw,893
Financial Statement Analysis,Module 11,Industry-specific financial ratios,https://youtu.be/1jWGL6mbyfU,420
Financial Statement Analysis,Module 12,Building a financial statement model,https://youtu.be/DnTCN3X_qRY,973
Financial Statement Analysis,Module 12,Behavioral finance and analyst forecasts,https://youtu.be/SLOd8Mtwq6o,1116
Financial Statement Analysis,Module 12,The impact of competitive factors in prices and costs,https://youtu.be/SBKJxoxPeI8,262
Financial Statement Analysis,Module 12,Modeling inflation and deflation,https://youtu.be/GB6Q2UnXOUw,960
Financial Statement Analysis,Module 12,The forecast horizon and long-term forecasting,https://youtu.be/4RRmeAcbfOA,775
Equity,Module 1,Overview of the financial system,https://youtu.be/klj6h62Dl3Y,1368
Equity,Module 1,Assets and contracts,https://youtu.be/KbVeupYAPxQ,896
Equity,Module 1,Securities,https://youtu.be/2poZhd3e2h8,1565
Equity,Module 1,"Currencies, commodities and real assets",https://youtu.be/c7gT_EZZNJs,658
Equity,Module 1,Financial intermediaries,https://youtu.be/ifjTShvwfFA,2375
Equity,Module 1,"Securitizers, depositary institutions and insurers",https://youtu.be/d5whUPIQyy8,1719
Equity,Module 1,Settlement and custodial services,https://youtu.be/LC3UfAICGRc,799
Equity,Module 1,Positions and short positions,https://youtu.be/RKJBxCKaiWk,1361
Equity,Module 1,Maintenance margin,https://youtu.be/_M5Ce7swPnY,521
Equity,Module 1,Orders and execution instructions,https://youtu.be/25OniowBj7Q,2247
Equity,Module 1,Validity and clearing instructions,https://youtu.be/_AoN0kqDL7s,710
Equity,Module 1,Primary security markets,https://youtu.be/o9_DW1LNqyw,1532
Equity,Module 1,Secondary secuity markets,https://youtu.be/-mxA9i76ej4,1558
Equity,Module 1,Well-functioning financial systems,https://youtu.be/WpLOWqw8hyc,537
Equity,Module 1,Market regulation,https://youtu.be/33stwVnkh6A,665
Equity,Module 2,Index definition and construction,https://youtu.be/GecUTe5Oskg,2720
Equity,Module 2,Rebalancing and reconstitution,https://youtu.be/Cuq5w5OHbow,935
Equity,Module 2,Uses of market indexes,https://youtu.be/dIg25PZxKKQ,581
Equity,Module 2,Equity indexes,https://youtu.be/Fau9NhpKGZ8,525
Equity,Module 2,Fixed-income indexes,https://youtu.be/nqNydBgEnYE,545
Equity,Module 2,Indexes for alternative investments,https://youtu.be/igOSccfo5xA,680
Equity,Module 3,Market efficiency,https://youtu.be/g4_k-5OmX7E,2503
Equity,Module 3,Forms of market efficiency,https://youtu.be/opKlU56hfpc,2439
Equity,Module 3,Time-series and cross-sectional anomalies,https://youtu.be/uRtgNT81fPI,1311
Equity,Module 3,Market anomalies,https://youtu.be/xouiyfIwKtE,966
Equity,Module 3,Behavioral finance,https://youtu.be/33jF5Luw7Ks,708
Equity,Module 4,Ordinary and preferred shares,https://youtu.be/Y2b-x4UOEwE,2319
Equity,Module 4,Public versus private equity securities,https://youtu.be/gjM8MLUMUTg,1865
Equity,Module 4,Non-domestic equity securities,https://youtu.be/fLncZkgDj3s,2975
Equity,Module 4,Equity risk and return,https://youtu.be/FZhXFpx7tcQ,1638
Equity,Module 4,Equity and company value,https://youtu.be/tSIBmZLkfdE,1553
Equity,Module 5,Company research reports,https://youtu.be/-mvBNYxPslg,462
Equity,Module 5,Determining the business model,https://youtu.be/vPahQBcdHcY,497
Equity,Module 5,Revenue analysis,https://youtu.be/K8ygM0iQ14M,1089
Equity,Module 5,Operating profitability and working capital analysis,https://youtu.be/ti6HhRQmHGE,1371
Equity,Module 5,Capital investments and capital structure,https://youtu.be/6uVZiJw37FQ,906
Equity,Module 6,Uses of industry analysis,https://youtu.be/dpK5bQb_4jI,629
Equity,Module 6,Industry classification,https://youtu.be/W8BXjR-OaUE,1903
Equity,Module 6,Industry survey,https://youtu.be/ncaT_VjI9iA,1373
Equity,Module 6,Industry structure and external influences,https://youtu.be/05beMZePrYw,2102
Equity,Module 6,Competitive positioning,https://youtu.be/xMIGa70tk00,1241
Equity,Module 7,"Forecast objects, principles and approaches",https://youtu.be/fTq_QA7bWz4,1535
Equity,Module 7,Forecasting revenues,https://youtu.be/_h8oM_nkT6M,900
Equity,Module 7,Forecasting operating expenses and working capital,https://youtu.be/nSWanwFcOm4,656
Equity,Module 7,Forecasting CAPEX and capital structure,https://youtu.be/awBbIWiPvJ8,743
Equity,Module 8,"The DDM, GGM and FCFE",https://youtu.be/aVHA0Kiivk8,2851
Equity,Module 8,Dividend payments explained,https://youtu.be/YXpqIOuYHSc,282
Equity,Module 8,Valuing preferred shares,https://youtu.be/9FZTEu1RqaM,569
Equity,Module 8,Gordon Growth Model explained - no g term provided,https://youtu.be/7ISitiyiumE,348
Equity,Module 8,Gordon Growth Model explained - no current dividend,https://youtu.be/A-CMXZuwYAc,380
Equity,Module 8,Multisgtage dividend discount models,https://youtu.be/HNxOkdzO3rY,608
Equity,Module 8,Multiples and comparables,https://youtu.be/4ZLHK4-qy3Y,537
Equity,Module 8,Justified forward P/E ratio,https://youtu.be/TxYoo2YUGyE,297
Equity,Module 8,Enterprise value and asset-based valuation,https://youtu.be/SdQomQbxjUE,525
Fixed Income,Module 1,Fixed income instrument features,https://youtu.be/xAxFGGspAYg,2343
Fixed Income,Module 1,"Coupon rate, payment frequency and yield measures",https://youtu.be/Lmpl3dQd314,1712
Fixed Income,Module 1,Bond indenture and covenants,https://youtu.be/oRpQTy_seG8,1958
Fixed Income,Module 2,Fixed income cash flows and types,https://youtu.be/ev_u96C-0qU,2783
Fixed Income,Module 2,"Variable interest, zero-coupon and deferred coupon bonds",https://youtu.be/8LNH8MOOGrY,2569
Fixed Income,Module 2,"Contingency provisions - callable, putable and convertible bonds",https://youtu.be/ZFelNphbHLQ,2824
Fixed Income,Module 2,"Fixed income - legal, regulatory and tax considerations",https://youtu.be/iBISJI8TB6g,927
Fixed Income,Module 3,"Fixed income segments, ratings and indexes",https://youtu.be/5QFXxFgadGA,2262
Fixed Income,Module 3,Primary and secondary fixed income markets,https://youtu.be/rOiEJ7J_x0w,2078
Fixed Income,Module 4,Short-term funding alternatives for corporate borrowers,https://youtu.be/SWscnVSuH9w,2868
Fixed Income,Module 4,Short-term funding alternatives for financial institutions,https://youtu.be/UYUXQurjYq4,3233
Fixed Income,Module 4,Repurchase agreements (repo) basics,https://youtu.be/_Z7qZvnhdKE,4247
Fixed Income,Module 4,Repurchase agreements (repo) applications and risks,https://youtu.be/LURWKJoi40w,3795
Fixed Income,Module 4,Long-term corporate debt,https://youtu.be/BxOFpP-tT24,2210
Fixed Income,Module 5,Sovereign and similar debt,https://youtu.be/GD-c83iUU6s,3717
Fixed Income,Module 5,Sovereign debt issuance and trading,https://youtu.be/ekC7EVvx_cg,3237
Fixed Income,Module 6,Bond pricing and the TVM,https://youtu.be/G8snxOaaFxU,2460
Fixed Income,Module 6,"Flat price, accrued interest and the full price",https://youtu.be/9utm3EZnOZU,1376
Fixed Income,Module 6,"Flat price, accrued interest and the full price using the Bond worksheet",https://youtu.be/1YoiQ26uir4,592
Fixed Income,Module 6,The relationship between bond prices and bond features,https://youtu.be/yT6z8Xd6qsQ,1225
Fixed Income,Module 6,Bond price and yield relationship,https://youtu.be/KTErV_JhLJM,596
Fixed Income,Module 6,Matrix pricing,https://youtu.be/cz_61NN7oVs,1012
Fixed Income,Module 7,Periodicity and annualized yields,https://youtu.be/SnOaCwiS0eo,1264
Fixed Income,Module 7,Other yield measures and conventions,https://youtu.be/BrIJUWF-PqE,912
Fixed Income,Module 7,Yield to call and yield to worst,https://youtu.be/m7s1Q-3QJfk,474
Fixed Income,Module 7,G-spread,https://youtu.be/BXWoYjXn2V0,353
Fixed Income,Module 7,I-spread,https://youtu.be/4WkMBJEmWZM,301
Fixed Income,Module 7,Z-spread,https://youtu.be/7QRVBQg2_RQ,500
Fixed Income,Module 7,OAS - Option adjusted spread,https://youtu.be/o9R5CrOpzl4,623
Fixed Income,Module 8,Discount margin / required margin,https://youtu.be/AjiHnr_7V3Y,526
Fixed Income,Module 8,Yield measures for money market instruments,https://youtu.be/5kKBwL0qkhI,2922
Fixed Income,Module 9,The term structure of interest rates and spot rates,https://youtu.be/IBl5WfXgfJc,1456
Fixed Income,Module 9,Par and forward rates,https://youtu.be/lJu86I7jdS4,1882
Fixed Income,Module 9,"Spot, par and forward yield curves",https://youtu.be/Z8tPrf66Mzc,469
Fixed Income,Module 10,Sources of return from investing in fixed-coupon bonds,https://youtu.be/m12xP7ZO5BU,2576
Fixed Income,Module 10,Investment horizon and interest rate risk,https://youtu.be/j87d-5V_yIU,2344
Fixed Income,Module 10,Macaulay duration,https://youtu.be/3TqRsLX6iK4,2159
Fixed Income,Module 11,Computing modified duration,https://youtu.be/PjDT0aZ2nd0,716
Fixed Income,Module 11,Applications of duration,https://youtu.be/bsEJW-8et4o,1202
Fixed Income,Module 11,Money duration and PVBP,https://youtu.be/5SPJ2YRrziU,1552
Fixed Income,Module 11,Properties of duration,https://youtu.be/8O8u9QhQfW8,519
Fixed Income,Module 12,Bond convexity,https://youtu.be/nluKGzsNlxo,2306
Fixed Income,Module 12,Convexity adjustment,https://youtu.be/eNwVM8pU0Uo,687
Fixed Income,Module 12,Portfolio duration and convexity,https://youtu.be/715P3D-nEbs,830
Fixed Income,Module 13,Curve-based interest rate risk measures,https://youtu.be/JxDGd7lIyds,1573
Fixed Income,Module 13,Key rate and empirical duration,https://youtu.be/DyWuY6sJlQ8,887
Fixed Income,Module 14,Sources of credit risk,https://youtu.be/igO5uCA8KzE,2352
Fixed Income,Module 14,Credit rating agencies and credit ratings,https://youtu.be/OIz23rRR6vY,1379
Fixed Income,Module 14,Factors impacting yield spreads,https://youtu.be/3ZuunE6WeuY,2325
Fixed Income,Module 15,Sovereign credit analysis,https://youtu.be/uR_HMx09U1k,2977
Fixed Income,Module 15,Non-sovereign credit risk,https://youtu.be/Kqdy9y3zc6Q,1447
Fixed Income,Module 16,Assessing corporate creditworthiness,https://youtu.be/YuEV7iNh7Bs,2282
Fixed Income,Module 16,Financial ratios in corporate credit analysis,https://youtu.be/MEFhIw5Rzn4,688
Fixed Income,Module 16,"Seniority rankings, recovery rates, and credit ratings",https://youtu.be/LI6eGyb92C8,2149
Fixed Income,Module 17,The benefits of securitization,https://youtu.be/7s9Jr84voKQ,3146
Fixed Income,Module 17,The securitization process,https://youtu.be/87OErJTUAaE,1215
Fixed Income,Module 18,Covered bonds,https://youtu.be/KWvWywd2X10,1412
Fixed Income,Module 18,ABS structures to address credit risk,https://youtu.be/RV31Gy_EWBg,1356
Fixed Income,Module 18,Non-mortgage ABS,https://youtu.be/2fpkx055AUw,2034
Fixed Income,Module 18,Collateralized debt obligations,https://youtu.be/q4xIElXqXaY,2203
Fixed Income,Module 19,Time tranching,https://youtu.be/fSoHPT9G69g,1337
Fixed Income,Module 19,Mortgage loans and their characteristic features,https://youtu.be/z2DKjyr_UQ4,1859
Fixed Income,Module 19,RMBS,https://youtu.be/tTCwE2H2uY4,3110
Fixed Income,Module 19,CMBS,https://youtu.be/1s51hCr03mM,1472
Derivatives,Module 1,Derivative features,https://youtu.be/Xx_PzFLh-yI,2619
Derivatives,Module 1,Derivative underlyings,https://youtu.be/fJz9VVMEVi0,1512
Derivatives,Module 1,Derivative markets,https://youtu.be/L9785JQm9RE,1281
Derivatives,Module 2,Forward contracts,https://youtu.be/gmgkLxIapqE,1909
Derivatives,Module 2,Futures contracts,https://youtu.be/I6nR8Muk3m0,3237
Derivatives,Module 2,Swaps,https://youtu.be/sxIz2rI2LVQ,1186
Derivatives,Module 2,Options,https://youtu.be/dQJ_1fUtzvo,4495
Derivatives,Module 2,Credit derivatives,https://youtu.be/KP8d77cY_oY,2077
Derivatives,Module 2,Conntrasting forward commitments and contingent claims,https://youtu.be/7KPMCmRSWzs,1263
Derivatives,Module 3,Derivative benefits and risks,https://youtu.be/8DTtolvBmu0,3257
Derivatives,Module 3,Investor and issuer use of derivatives,https://youtu.be/7FS1BuEYkO8,1780
Derivatives,Module 4,Arbitrage and replication,https://youtu.be/LSZimjDcjxE,1966
Derivatives,Module 4,Cost of carry,https://youtu.be/72q21fWcMDc,2481
Derivatives,Module 5,Pricing and valuation of forward contracts,https://youtu.be/I4kH5g_rBDY,3351
Derivatives,Module 5,Pricing and valuation of interest rate forward contracts,https://youtu.be/mR7VmdQgy9g,3265
Derivatives,Module 6,Pricing futures contracts and MtM valuation,https://youtu.be/PQjXBYfDs3c,1750
Derivatives,Module 6,Interest rate futures,https://youtu.be/v94kaVPgQYE,1074
Derivatives,Module 6,Forward and futures price differences and central clearing,https://youtu.be/hKwLtUGHk98,991
Derivatives,Module 7,Swaps versus forwards,https://youtu.be/r4JSosP2PGY,3435
Derivatives,Module 7,Swap value and prices,https://youtu.be/O9jlGVnU354,688
Derivatives,Module 8,Option exercise value and time value,https://youtu.be/fSWehq6-UOk,5388
Derivatives,Module 8,Factors affecting option value,https://youtu.be/0SEHJs6KKpY,2553
Derivatives,Module 9,Put-call parity,https://youtu.be/Lb-lmjZ3xkA,1529
Derivatives,Module 9,Put-call foward parity and firm value,https://youtu.be/FyhBBAsF6Nk,1213
Derivatives,Module 10,Using the binomial model to price options,https://youtu.be/OMODAP8XsI4,2871
Alternative Investments,Module 1,Alternative investments features and methods,https://youtu.be/yi-dr9pR7us,3195
Alternative Investments,Module 1,Alternative investment structures,https://youtu.be/dMxiZKV8h4Y,2819
Alternative Investments,Module 2,Alternative investment performance,https://youtu.be/eVZCXZzhLfY,3224
Alternative Investments,Module 2,Alternative investment returns,https://youtu.be/m5LYbbUaMG4,2815
Alternative Investments,Module 3,Private equity,https://youtu.be/h1V4lkEyqQs,2679
Alternative Investments,Module 3,Private equity exit strategies,https://youtu.be/O9OsKk5Atbs,2491
Alternative Investments,Module 3,Private debt,https://youtu.be/qR5W0WyYzMg,1693
Alternative Investments,Module 4,Real estate investments,https://youtu.be/yAZ1Gf17TsI,4944
Alternative Investments,Module 4,Infrastructure investments,https://youtu.be/_xgUEnuKw0o,3496
Alternative Investments,Module 5,Features of natural resources investing,https://youtu.be/25Vop6EowFI,2049
Alternative Investments,Module 5,Commodity investment forms,https://youtu.be/KKgELWb8oeg,2062
Alternative Investments,Module 5,Natural resource investment risk and return,https://youtu.be/eBmjZlIndmg,1268
Alternative Investments,Module 6,Hedge fund features,https://youtu.be/CZm_xh81ygo,654
Alternative Investments,Module 6,Hedge fund strategies,https://youtu.be/SRzJYvLu0FY,1686
Alternative Investments,Module 6,Hedge fund investment forms,https://youtu.be/9DMQejpYy34,2273
Alternative Investments,Module 6,Hedge fund investment risk and return,https://youtu.be/uUzejOEPxUg,2091
Alternative Investments,Module 7,Distributed ledger technology,https://youtu.be/ASnIZpngvos,3809
Alternative Investments,Module 7,Features of digital asset investing,https://youtu.be/_OdboK3KnbA,1443
Alternative Investments,Module 7,"Digital asset investment forms, risks and rewards",https://youtu.be/WFqt3eCohao,2297
Ethical and Professional Standards,Module 1,Ethics and Trust in the Investment Profession,https://youtu.be/0x081HGowmo,1933
Ethical and Professional Standards,Module 2,Code of Ethics and Standards of Professional Conduct,https://youtu.be/zGRPVrEh1Js,971
Ethical and Professional Standards,Module 3,Standard I(A): Professionalism - Knowledge of the law,https://youtu.be/syeNuv23LH0,2259
Ethical and Professional Standards,Module 3,Standard I(B): Professionalism - Independence and Objectivity,https://youtu.be/qay2LwSAxM8,2033
Ethical and Professional Standards,Module 3,Standard I(C): Professionalism - Misrepresentation,https://youtu.be/IeZIYXP47Xs,1116
Ethical and Professional Standards,Module 3,Standard I(D): Professionalism - Misconduct,https://youtu.be/ZMcJmBpGq34,540
Ethical and Professional Standards,Module 3,Standard I(E): Professionalism - Competence,https://youtu.be/v5URX9c2hOQ,454
Ethical and Professional Standards,Module 3,Standard II(A): Integrity of Capital Markets - Material Nonpublic Information,https://youtu.be/Yphbhu9h1Qs,2548
Ethical and Professional Standards,Module 3,Standard II(B): Integrity of Capital Markets - Market Manipulation,https://youtu.be/IQCNPmjaWvg,447
Ethical and Professional Standards,Module 3,"Standard III(A): Duties to Clients - Loyalty, Prudence, and Care",https://youtu.be/LN2kP3q6h1A,901
Ethical and Professional Standards,Module 3,Standard III(B): Duties to Clients - Fair Dealing,https://youtu.be/jKyKYmFjnuQ,779
Ethical and Professional Standards,Module 3,Standard III(C): Duties to Clients - Suitability,https://youtu.be/JvpNOOErqbc,500
Ethical and Professional Standards,Module 3,Standard III(D): Duties to Clients - Performance Presentation,https://youtu.be/Icb4lofpUvw,547
Ethical and Professional Standards,Module 3,Standard III(E): Duties to Clients - Preservation of Confidentiality,https://youtu.be/udp_g8LlsVo,551
Ethical and Professional Standards,Module 3,Standard IV(A): Duties to Employers - Loyalty,https://youtu.be/l_pW893og3Y,1510
Ethical and Professional Standards,Module 3,Standard IV(B): Duties to Employers - Additional Compensation Arrangements,https://youtu.be/fXJ2zajasHA,254
Ethical and Professional Standards,Module 3,Standard IV(C): Duties to Employers - Responsibilities of Supervisors,https://youtu.be/9H72qI7ZzQo,312
Ethical and Professional Standards,Module 3,Standard V(A): Diligence and Reasonable Basis,https://youtu.be/3Y2FkRmcFBQ,873
Ethical and Professional Standards,Module 3,Standard V(B): Communication with Clients and Prospective Clients,https://youtu.be/adbMP6uZeFU,383
Ethical and Professional Standards,Module 3,Standard V(C): Record Retention,https://youtu.be/Vgv9C6lLG1k,265
Ethical and Professional Standards,Module 3,Standard VI(A): Conflicts of Interest - Avoid or Disclose Conflicts,https://youtu.be/QtVXQI017ZQ,683
Ethical and Professional Standards,Module 3,Standard VI(B): Conflicts of Interest - Priority of Transactions,https://youtu.be/2c0AHvbF2ug,563
Ethical and Professional Standards,Module 3,Standard VI(C): Conflicts of Interest - Referral Fees,https://youtu.be/AqCWg8ZrjE4,161
Ethical and Professional Standards,Module 3,Standard VII(A): Conduct as Participants in CFA Institute Programs,https://youtu.be/4EdBZLoSdM4,387
Ethical and Professional Standards,Module 3,Standard VII(B): Reference to CFA Institute -,https://youtu.be/Rgs4DwmLX6c,663
Ethical and Professional Standards,Module 4,Global Investment Performance Standards (GIPS) basics,https://youtu.be/k6A8b73ZtU0,1606
Ethical and Professional Standards,Module 5,Ethics application: professionalism,https://youtu.be/ErY-D8ccT2U,702
Ethical and Professional Standards,Module 5,Ethics application: integrity of capital markets,https://youtu.be/YVRRlcBttQw,273
Ethical and Professional Standards,Module 5,Ethics application: duties to clients,https://youtu.be/ojKnFIHnsR8,327
Ethical and Professional Standards,Module 5,Ethics application: duties to employers,https://youtu.be/HbTI8m5jYjk,521
Ethical and Professional Standards,Module 5,"Ethics application: investment analysis, recommendations, and actions",https://youtu.be/ULgU7DaSFDs,178
Ethical and Professional Standards,Module 5,Ethics application: conflicts of interest,https://youtu.be/lgJgiaHLMsU,234
Ethical and Professional Standards,Module 5,Ethics application: responsibilities as a CFA Institute member or CFA candidate,https://youtu.be/SfkSjeAQWjg,313